{
  "hash": "f979ef83",
  "configHash": "f419a005",
  "lockfileHash": "c6a1c149",
  "browserHash": "c8f47a3c",
  "optimized": {
    "@angular/common/http": {
      "src": "../../../../../../node_modules/@angular/common/fesm2022/http.mjs",
      "file": "@angular_common_http.js",
      "fileHash": "2081b75d",
      "needsInterop": false
    },
    "@angular/core": {
      "src": "../../../../../../node_modules/@angular/core/fesm2022/core.mjs",
      "file": "@angular_core.js",
      "fileHash": "f201c789",
      "needsInterop": false
    },
    "@angular/forms": {
      "src": "../../../../../../node_modules/@angular/forms/fesm2022/forms.mjs",
      "file": "@angular_forms.js",
      "fileHash": "99d04ae0",
      "needsInterop": false
    },
    "@angular/platform-browser": {
      "src": "../../../../../../node_modules/@angular/platform-browser/fesm2022/platform-browser.mjs",
      "file": "@angular_platform-browser.js",
      "fileHash": "f75b64d8",
      "needsInterop": false
    },
    "@angular/router": {
      "src": "../../../../../../node_modules/@angular/router/fesm2022/router.mjs",
      "file": "@angular_router.js",
      "fileHash": "45f05ab4",
      "needsInterop": false
    },
    "rxjs": {
      "src": "../../../../../../node_modules/rxjs/dist/esm5/index.js",
      "file": "rxjs.js",
      "fileHash": "9bf07d2c",
      "needsInterop": false
    },
    "zone.js": {
      "src": "../../../../../../node_modules/zone.js/fesm2015/zone.js",
      "file": "zone__js.js",
      "fileHash": "25e09f44",
      "needsInterop": true
    }
  },
  "chunks": {
    "chunk-VVYKAPNX": {
      "file": "chunk-VVYKAPNX.js"
    },
    "chunk-JCFQ5C7X": {
      "file": "chunk-JCFQ5C7X.js"
    },
    "chunk-MHP676C5": {
      "file": "chunk-MHP676C5.js"
    },
    "chunk-CYIUJTKM": {
      "file": "chunk-CYIUJTKM.js"
    },
    "chunk-NKWTGXST": {
      "file": "chunk-NKWTGXST.js"
    },
    "chunk-RSS3ODKE": {
      "file": "chunk-RSS3ODKE.js"
    },
    "chunk-WDMUDEB6": {
      "file": "chunk-WDMUDEB6.js"
    }
  }
}