{
  "hash": "ab7c866f",
  "configHash": "2003c122",
  "lockfileHash": "a8a44953",
  "browserHash": "2724c025",
  "optimized": {
    "@angular/core": {
      "src": "../../../../../../node_modules/@angular/core/fesm2022/core.mjs",
      "file": "@angular_core.js",
      "fileHash": "650bdc5d",
      "needsInterop": false
    },
    "@angular/forms": {
      "src": "../../../../../../node_modules/@angular/forms/fesm2022/forms.mjs",
      "file": "@angular_forms.js",
      "fileHash": "72c3c563",
      "needsInterop": false
    },
    "@angular/platform-browser": {
      "src": "../../../../../../node_modules/@angular/platform-browser/fesm2022/platform-browser.mjs",
      "file": "@angular_platform-browser.js",
      "fileHash": "d61850df",
      "needsInterop": false
    },
    "@angular/router": {
      "src": "../../../../../../node_modules/@angular/router/fesm2022/router.mjs",
      "file": "@angular_router.js",
      "fileHash": "5c29ae09",
      "needsInterop": false
    },
    "zone.js": {
      "src": "../../../../../../node_modules/zone.js/fesm2015/zone.js",
      "file": "zone__js.js",
      "fileHash": "422d36a1",
      "needsInterop": true
    }
  },
  "chunks": {
    "chunk-6NS44UZ2": {
      "file": "chunk-6NS44UZ2.js"
    },
    "chunk-A5DIV35D": {
      "file": "chunk-A5DIV35D.js"
    },
    "chunk-BE2TGQLL": {
      "file": "chunk-BE2TGQLL.js"
    },
    "chunk-WDMUDEB6": {
      "file": "chunk-WDMUDEB6.js"
    }
  }
}